Workbook

Sheet How to Use + Tiers
A1: Klaravex Personal — Trust & Graduation Framework
A3: PURPOSE | B3: Track every supervised case so AI task-categories can graduate to autonomy on evidence, not gut feel. Prevents Phase 1 (you on every ticket) from becoming permanent.
A5: DAILY | B5: Log each case in 'Case Log'. Fill Category, Tier, Handled By, Outcome, and the three Y/N flags. 30 seconds per case.
A6: WEEKLY | B6: Open 'Graduation Dashboard'. Look for categories nearing 30 cases and check accuracy + harm. Graduate eligible Green categories; review HOLDs.
A8: GRADUATION GATE | B8: All must be true to graduate a category:
A9: Volume | B9: ≥ 30 supervised cases logged in that category
A10: Accuracy | B10: ≥ 95% first-attempt-correct (First-Attempt Correct = Y)
A11: Zero harm | B11: 0 harm events (no data loss, security exposure, or rework-causing damage)
A12: Escalation works | B12: Agent reliably hands off its own edge cases (judge from the log)
A14: TIERS
A15: Green | B15: Graduate first. Reversible, low-stakes: password resets, Wi-Fi, app reinstall, printer, usage questions. → full autonomy once gate met.
A16: Yellow | B16: Graduate late, with guardrails: email/account setup, software config, privacy settings, smart-home. → agent drafts, human approves before it reaches the customer.
A17: Red | B17: NEVER fully autonomous: data recovery, security incidents, backups, payments/identity, vulnerable customers. Human-in-loop permanently, regardless of track record.
A19: REVOCABLE | B19: Any graduated category that produces a harm event drops back to supervised immediately. Trust is revocable.
A20: DISCLOSURE LINK | B20: The moment ANY category goes autonomous, the website must switch to Phase-2 AI-delivery disclosure — even if most work is still supervised. See personal-AI-disclosure-DRAFT.md.
A22: THRESHOLDS | B22: 30 / 95% / 0-harm are starting points. Tighten for higher-risk categories; never loosen below these for anything customer-facing.

Sheet Case Log
A1: Klaravex Personal — Case Log
A2: Log EVERY supervised case from day one. This is the data the Graduation Dashboard runs on — no log, no graduation.
A4: Case ID | B4: Date | C4: Customer | D4: Category | E4: Tier | F4: Issue Summary | G4: Handled By | H4: Outcome | I4: First-Attempt Correct? (Y/N) | J4: Harm Event? (Y/N) | K4: Escalated? (Y/N) | L4: Notes

Sheet Graduation Dashboard
A1: Graduation Dashboard — Supervised → Autonomous
A2: Auto-calculated from Case Log. A category graduates only when Volume≥30, Accuracy≥95%, and Harm=0 — Red tier never graduates.
A4: Category | B4: Tier | C4: Cases Logged | D4: First-Attempt OK | E4: Accuracy % | F4: Harm Events | G4: Escalations | H4: Graduation Status
A5: Password reset | B5: Green | C5: =COUNTIF('Case Log'!$D:$D,$A5) -> 0 | D5: =COUNTIFS('Case Log'!$D:$D,$A5,'Case Log'!$I:$I,"Y") -> 0 | E5: =IF(C5=0,"",D5/C5) | F5: =COUNTIFS('Case Log'!$D:$D,$A5,'Case Log'!$J:$J,"Y") -> 0 | G5: =COUNTIFS('Case Log'!$D:$D,$A5,'Case Log'!$K:$K,"Y") -> 0 | H5: =IF($B5="Red","HUMAN-ONLY (never graduates)",IF(C5<30,"BUILDING ("&C5&"/30 cases)",IF(AND(E5>=0.95,F5=0),IF($B5="Yellow","ELIGIBLE — approve-before-send","✓ ELIGIBLE — full autonomy"),"HOLD — review (acc<95% or harm>0)"))) -> BUILDING (0/30 cases)
A6: Wi-Fi / connectivity reconnect | B6: Green | C6: =COUNTIF('Case Log'!$D:$D,$A6) -> 0 | D6: =COUNTIFS('Case Log'!$D:$D,$A6,'Case Log'!$I:$I,"Y") -> 0 | E6: =IF(C6=0,"",D6/C6) | F6: =COUNTIFS('Case Log'!$D:$D,$A6,'Case Log'!$J:$J,"Y") -> 0 | G6: =COUNTIFS('Case Log'!$D:$D,$A6,'Case Log'!$K:$K,"Y") -> 0 | H6: =IF($B6="Red","HUMAN-ONLY (never graduates)",IF(C6<30,"BUILDING ("&C6&"/30 cases)",IF(AND(E6>=0.95,F6=0),IF($B6="Yellow","ELIGIBLE — approve-before-send","✓ ELIGIBLE — full autonomy"),"HOLD — review (acc<95% or harm>0)"))) -> BUILDING (0/30 cases)
A7: App reinstall / update | B7: Green | C7: =COUNTIF('Case Log'!$D:$D,$A7) -> 0 | D7: =COUNTIFS('Case Log'!$D:$D,$A7,'Case Log'!$I:$I,"Y") -> 0 | E7: =IF(C7=0,"",D7/C7) | F7: =COUNTIFS('Case Log'!$D:$D,$A7,'Case Log'!$J:$J,"Y") -> 0 | G7: =COUNTIFS('Case Log'!$D:$D,$A7,'Case Log'!$K:$K,"Y") -> 0 | H7: =IF($B7="Red","HUMAN-ONLY (never graduates)",IF(C7<30,"BUILDING ("&C7&"/30 cases)",IF(AND(E7>=0.95,F7=0),IF($B7="Yellow","ELIGIBLE — approve-before-send","✓ ELIGIBLE — full autonomy"),"HOLD — review (acc<95% or harm>0)"))) -> BUILDING (0/30 cases)
A8: Printer / driver fix | B8: Green | C8: =COUNTIF('Case Log'!$D:$D,$A8) -> 0 | D8: =COUNTIFS('Case Log'!$D:$D,$A8,'Case Log'!$I:$I,"Y") -> 0 | E8: =IF(C8=0,"",D8/C8) | F8: =COUNTIFS('Case Log'!$D:$D,$A8,'Case Log'!$J:$J,"Y") -> 0 | G8: =COUNTIFS('Case Log'!$D:$D,$A8,'Case Log'!$K:$K,"Y") -> 0 | H8: =IF($B8="Red","HUMAN-ONLY (never graduates)",IF(C8<30,"BUILDING ("&C8&"/30 cases)",IF(AND(E8>=0.95,F8=0),IF($B8="Yellow","ELIGIBLE — approve-before-send","✓ ELIGIBLE — full autonomy"),"HOLD — review (acc<95% or harm>0)"))) -> BUILDING (0/30 cases)
A9: "How do I" / usage question | B9: Green | C9: =COUNTIF('Case Log'!$D:$D,$A9) -> 0 | D9: =COUNTIFS('Case Log'!$D:$D,$A9,'Case Log'!$I:$I,"Y") -> 0 | E9: =IF(C9=0,"",D9/C9) | F9: =COUNTIFS('Case Log'!$D:$D,$A9,'Case Log'!$J:$J,"Y") -> 0 | G9: =COUNTIFS('Case Log'!$D:$D,$A9,'Case Log'!$K:$K,"Y") -> 0 | H9: =IF($B9="Red","HUMAN-ONLY (never graduates)",IF(C9<30,"BUILDING ("&C9&"/30 cases)",IF(AND(E9>=0.95,F9=0),IF($B9="Yellow","ELIGIBLE — approve-before-send","✓ ELIGIBLE — full autonomy"),"HOLD — review (acc<95% or harm>0)"))) -> BUILDING (0/30 cases)
A10: Email / account setup | B10: Yellow | C10: =COUNTIF('Case Log'!$D:$D,$A10) -> 0 | D10: =COUNTIFS('Case Log'!$D:$D,$A10,'Case Log'!$I:$I,"Y") -> 0 | E10: =IF(C10=0,"",D10/C10) | F10: =COUNTIFS('Case Log'!$D:$D,$A10,'Case Log'!$J:$J,"Y") -> 0 | G10: =COUNTIFS('Case Log'!$D:$D,$A10,'Case Log'!$K:$K,"Y") -> 0 | H10: =IF($B10="Red","HUMAN-ONLY (never graduates)",IF(C10<30,"BUILDING ("&C10&"/30 cases)",IF(AND(E10>=0.95,F10=0),IF($B10="Yellow","ELIGIBLE — approve-before-send","✓ ELIGIBLE — full autonomy"),"HOLD — review (acc<95% or harm>0)"))) -> BUILDING (0/30 cases)
A11: Software configuration | B11: Yellow | C11: =COUNTIF('Case Log'!$D:$D,$A11) -> 0 | D11: =COUNTIFS('Case Log'!$D:$D,$A11,'Case Log'!$I:$I,"Y") -> 0 | E11: =IF(C11=0,"",D11/C11) | F11: =COUNTIFS('Case Log'!$D:$D,$A11,'Case Log'!$J:$J,"Y") -> 0 | G11: =COUNTIFS('Case Log'!$D:$D,$A11,'Case Log'!$K:$K,"Y") -> 0 | H11: =IF($B11="Red","HUMAN-ONLY (never graduates)",IF(C11<30,"BUILDING ("&C11&"/30 cases)",IF(AND(E11>=0.95,F11=0),IF($B11="Yellow","ELIGIBLE — approve-before-send","✓ ELIGIBLE — full autonomy"),"HOLD — review (acc<95% or harm>0)"))) -> BUILDING (0/30 cases)
A12: Privacy / security settings | B12: Yellow | C12: =COUNTIF('Case Log'!$D:$D,$A12) -> 0 | D12: =COUNTIFS('Case Log'!$D:$D,$A12,'Case Log'!$I:$I,"Y") -> 0 | E12: =IF(C12=0,"",D12/C12) | F12: =COUNTIFS('Case Log'!$D:$D,$A12,'Case Log'!$J:$J,"Y") -> 0 | G12: =COUNTIFS('Case Log'!$D:$D,$A12,'Case Log'!$K:$K,"Y") -> 0 | H12: =IF($B12="Red","HUMAN-ONLY (never graduates)",IF(C12<30,"BUILDING ("&C12&"/30 cases)",IF(AND(E12>=0.95,F12=0),IF($B12="Yellow","ELIGIBLE — approve-before-send","✓ ELIGIBLE — full autonomy"),"HOLD — review (acc<95% or harm>0)"))) -> BUILDING (0/30 cases)
A13: Smart-home device setup | B13: Yellow | C13: =COUNTIF('Case Log'!$D:$D,$A13) -> 0 | D13: =COUNTIFS('Case Log'!$D:$D,$A13,'Case Log'!$I:$I,"Y") -> 0 | E13: =IF(C13=0,"",D13/C13) | F13: =COUNTIFS('Case Log'!$D:$D,$A13,'Case Log'!$J:$J,"Y") -> 0 | G13: =COUNTIFS('Case Log'!$D:$D,$A13,'Case Log'!$K:$K,"Y") -> 0 | H13: =IF($B13="Red","HUMAN-ONLY (never graduates)",IF(C13<30,"BUILDING ("&C13&"/30 cases)",IF(AND(E13>=0.95,F13=0),IF($B13="Yellow","ELIGIBLE — approve-before-send","✓ ELIGIBLE — full autonomy"),"HOLD — review (acc<95% or harm>0)"))) -> BUILDING (0/30 cases)
A14: Data recovery | B14: Red | C14: =COUNTIF('Case Log'!$D:$D,$A14) -> 0 | D14: =COUNTIFS('Case Log'!$D:$D,$A14,'Case Log'!$I:$I,"Y") -> 0 | E14: =IF(C14=0,"",D14/C14) | F14: =COUNTIFS('Case Log'!$D:$D,$A14,'Case Log'!$J:$J,"Y") -> 0 | G14: =COUNTIFS('Case Log'!$D:$D,$A14,'Case Log'!$K:$K,"Y") -> 0 | H14: =IF($B14="Red","HUMAN-ONLY (never graduates)",IF(C14<30,"BUILDING ("&C14&"/30 cases)",IF(AND(E14>=0.95,F14=0),IF($B14="Yellow","ELIGIBLE — approve-before-send","✓ ELIGIBLE — full autonomy"),"HOLD — review (acc<95% or harm>0)"))) -> HUMAN-ONLY (never graduates)
A15: Security incident / malware | B15: Red | C15: =COUNTIF('Case Log'!$D:$D,$A15) -> 0 | D15: =COUNTIFS('Case Log'!$D:$D,$A15,'Case Log'!$I:$I,"Y") -> 0 | E15: =IF(C15=0,"",D15/C15) | F15: =COUNTIFS('Case Log'!$D:$D,$A15,'Case Log'!$J:$J,"Y") -> 0 | G15: =COUNTIFS('Case Log'!$D:$D,$A15,'Case Log'!$K:$K,"Y") -> 0 | H15: =IF($B15="Red","HUMAN-ONLY (never graduates)",IF(C15<30,"BUILDING ("&C15&"/30 cases)",IF(AND(E15>=0.95,F15=0),IF($B15="Yellow","ELIGIBLE — approve-before-send","✓ ELIGIBLE — full autonomy"),"HOLD — review (acc<95% or harm>0)"))) -> HUMAN-ONLY (never graduates)
A16: Backup / restore | B16: Red | C16: =COUNTIF('Case Log'!$D:$D,$A16) -> 0 | D16: =COUNTIFS('Case Log'!$D:$D,$A16,'Case Log'!$I:$I,"Y") -> 0 | E16: =IF(C16=0,"",D16/C16) | F16: =COUNTIFS('Case Log'!$D:$D,$A16,'Case Log'!$J:$J,"Y") -> 0 | G16: =COUNTIFS('Case Log'!$D:$D,$A16,'Case Log'!$K:$K,"Y") -> 0 | H16: =IF($B16="Red","HUMAN-ONLY (never graduates)",IF(C16<30,"BUILDING ("&C16&"/30 cases)",IF(AND(E16>=0.95,F16=0),IF($B16="Yellow","ELIGIBLE — approve-before-send","✓ ELIGIBLE — full autonomy"),"HOLD — review (acc<95% or harm>0)"))) -> HUMAN-ONLY (never graduates)
A17: Payment / identity change | B17: Red | C17: =COUNTIF('Case Log'!$D:$D,$A17) -> 0 | D17: =COUNTIFS('Case Log'!$D:$D,$A17,'Case Log'!$I:$I,"Y") -> 0 | E17: =IF(C17=0,"",D17/C17) | F17: =COUNTIFS('Case Log'!$D:$D,$A17,'Case Log'!$J:$J,"Y") -> 0 | G17: =COUNTIFS('Case Log'!$D:$D,$A17,'Case Log'!$K:$K,"Y") -> 0 | H17: =IF($B17="Red","HUMAN-ONLY (never graduates)",IF(C17<30,"BUILDING ("&C17&"/30 cases)",IF(AND(E17>=0.95,F17=0),IF($B17="Yellow","ELIGIBLE — approve-before-send","✓ ELIGIBLE — full autonomy"),"HOLD — review (acc<95% or harm>0)"))) -> HUMAN-ONLY (never graduates)
A18: TOTAL | C18: =SUM(C5:C17) -> 0 | F18: =SUM(F5:F17) -> 0 | G18: =SUM(G5:G17) -> 0
